category,intent,n_examples
BILLING,dispute_invoice,1000
BILLING,invoices,1000
COMPLAINTS,get_compensation,1000
COMPLAINTS,report_poor_signal_coverage,1000
COMPLAINTS,report_problem,1000
CONSUMPTION,check_excess_data_charges,1000
CONSUMPTION,check_usage,1000
CONSUMPTION,set_usage_limits,1000
CONTACT,customer_service,1000
CONTACT,human_agent,1000
PAYMENT,check_mobile_payments,1000
PAYMENT,pay,1000
PAYMENT,payment_methods,1000
PAYMENT,schedule_payments,1000
SERVICES,activate_call_management_services,1000
SERVICES,activate_phone,1000
SERVICES,activate_roaming,1000
SERVICES,check_signal_coverage,1000
SERVICES,deactivate_call_management_services,1000
SERVICES,deactivate_phone,1000
SERVICES,install_internet,1000
SUBSCRIPTION,cancel_plan,1000
SUBSCRIPTION,change_plan,1000
SUBSCRIPTION,change_provider,1000
SUBSCRIPTION,check_cancellation_fee,1000
SUBSCRIPTION,sign_up_for_plan,1000
